{
  "dataset": {
    "records": 2000,
    "success_rate": 0.104,
    "train_size": 1600,
    "test_size": 400,
    "feature_count": 16
  },
  "baseline": {
    "accuracy": 0.9875,
    "precision": 0.8936170212765957,
    "recall": 1.0,
    "f1_score": 0.9438202247191011,
    "roc_auc": 0.9960428305400373,
    "cv_f1_mean": 0.9791817440616921,
    "cv_f1_std": 0.014839724161556113
  },
  "final": {
    "accuracy": 0.9875,
    "precision": 0.8936170212765957,
    "recall": 1.0,
    "f1_score": 0.9438202247191011,
    "roc_auc": 0.9959430699654164,
    "confusion_matrix": [
      [
        353,
        5
      ],
      [
        0,
        42
      ]
    ],
    "best_params": {
      "max_depth": 10,
      "max_features": "sqrt",
      "min_samples_leaf": 1,
      "min_samples_split": 5,
      "n_estimators": 200
    },
    "best_cv_f1": 0.9820868334142671,
    "classification_report": {
      "No Match": {
        "precision": 1.0,
        "recall": 0.9860335195530726,
        "f1-score": 0.9929676511954993,
        "support": 358.0
      },
      "Match": {
        "precision": 0.8936170212765957,
        "recall": 1.0,
        "f1-score": 0.9438202247191011,
        "support": 42.0
      },
      "accuracy": 0.9875,
      "macro avg": {
        "precision": 0.9468085106382979,
        "recall": 0.9930167597765363,
        "f1-score": 0.9683939379573002,
        "support": 400.0
      },
      "weighted avg": {
        "precision": 0.9888297872340425,
        "recall": 0.9875,
        "f1-score": 0.9878071714154776,
        "support": 400.0
      }
    }
  },
  "artifacts": {
    "model": "D:\\m-project\\smart-volunteer-system\\backend\\ml\\advanced_outputs\\swam_random_forest_model.pkl",
    "features": "D:\\m-project\\smart-volunteer-system\\backend\\ml\\advanced_outputs\\model_features.pkl",
    "metrics": "D:\\m-project\\smart-volunteer-system\\backend\\ml\\advanced_outputs\\advanced_metrics.json",
    "feature_importance": "D:\\m-project\\smart-volunteer-system\\backend\\ml\\advanced_outputs\\feature_importance.csv"
  }
}